{"train_loss": [9.24388313293457, 5.785854816436768, 3.7637522220611572, 2.5212037563323975, 1.7391842603683472], "val_loss": [6.503060340881348, 4.165297985076904, 2.763174057006836, 1.8898961544036865, 1.3195689916610718]}